"Title","Time"
"第十六回博麗神社例大祭","2019年5月5日"
"COMITIA128","2019年5月12日"
"関西コミティア55","2019年5月26日"
"サンクリ2019Summer","2019年6月16日"
"砲雷撃戦！よーい！五十戦目＆軍令部酒保","2019年6月23日"
"ぱんっあ☆ふぉー！２２","2019年6月23日"
"戦場の乙女たち２６","2019年6月23日"
"アズレン学園購買部９","2019年6月23日"
"うむ、いきます4","2019年6月23日"
"吼噦之宴 第二席","2019年6月30日"
"東方想七日7","2019年7月7日"
"コミックマーケット96","2019年 8月 9日(金)～12日(月) 10:00～16:00"
"COMITIA129","2019年8月25日"
"こみっく★トレジャー34","2019年9月8日"
"3秒でもふもふ2","2019年9月8日"
"HanDsUP♫","2019年9月8日"
"ServantMythology3","2019年9月8日"
"おしゃべりCh2","2019年9月8日"
"ちむちむわーるど5","2019年9月8日"
"ラブ・アライブ！4","2019年9月8日"
"我、夜戦に突入す！8","2019年9月8日"
"溟海ノ碧2","2019年9月8日"
"砲雷撃戦よーい！54・軍令部酒保合同演習","2019年9月22日"
"ぱんっあ☆ふぉー！２３","2019年9月22日"
"戦場の乙女たち２７","2019年9月22日"
"フレンズチホー１０","2019年9月22日"
"アズレン学園購買部１０","2019年9月22日"
"もう何も恐くない３４","2019年9月22日"
"酒っと１３軒目","2019年9月22日"
"蒼月祭３６","2019年9月22日"
"勇者部満開－勇者部心得－じゅういーち！","2019年9月22日"
"少女戦略最前線０５","2019年9月22日"
"サンフェス！８","2019年9月22日"
"関西コミティア56","2019年9月29日"
"COMIC1☆16","2019年10月6日"
"J.GARDEN47","2019年10月6日"
"東方紅楼夢(第15回)","2019年10月13日"
"COMIC1☆15","2019年4月29日"
"安芸コミ","2019年4月14日"
"名古屋COMITIA54","2019年3月24日"
"サンクリ2019Spring","2019年3月10日"
"J.GARDEN46","2019年3月3日"
"COMITIA127","2019年2月17日"
"関西コミティア54","2019年1月20日"
"こみっく★トレジャー33","2019年1月20日"
"我、夜戦に突入す！7","2019年1月20日"
"Chain Burst! 3","2019年1月20日"
"Servant Mythology 2","2019年1月20日"
"キミに全ツ！ 2","2019年1月20日"
"CLIMAX DIVA 3","2019年1月20日"
"溟海ノ碧","2019年1月20日"
"おしゃべりCh","2019年1月20日"
